2023-03-06 16:17:02,1 578.23
2023-03-06 16:18:01,1 578.91
2023-03-06 16:19:02,1 578.81
2023-03-06 16:20:01,1 577.87
2023-03-06 16:21:01,1 577.85
2023-03-06 16:22:02,1 577.77
2023-03-06 16:23:01,1 576.64
2023-03-06 16:24:02,1 577.30
2023-03-06 16:25:01,1 577.50
2023-03-06 16:26:01,1 577.46
2023-03-06 16:27:02,1 577.46
2023-03-06 16:28:01,1 577.28
2023-03-06 16:29:02,1 577.05
2023-03-06 16:30:01,1 576.96
2023-03-06 16:31:01,1 576.95
2023-03-06 16:32:02,1 576.72
2023-03-06 16:33:01,1 576.77
2023-03-06 16:34:02,1 576.73
2023-03-06 16:35:01,1 574.18
2023-03-06 16:36:01,1 574.07
2023-03-06 16:37:02,1 573.31
2023-03-06 16:38:01,1 573.46
2023-03-06 16:39:01,1 574.12
2023-03-06 16:40:02,1 574.39
2023-03-06 16:41:01,1 575.19
2023-03-06 16:42:01,1 574.93
2023-03-06 16:43:02,1 575.04
2023-03-06 16:44:01,1 575.03
2023-03-06 16:45:02,1 574.20
2023-03-06 16:46:02,1 574.21
2023-03-06 16:47:01,1 574.81
2023-03-06 16:48:02,1 574.78
2023-03-06 16:49:01,1 574.75
2023-03-06 16:50:01,1 574.47
2023-03-06 16:51:02,1 574.41
2023-03-06 16:52:02,1 574.51
2023-03-06 16:53:01,1 574.17
2023-03-06 16:54:02,1 573.46
2023-03-06 16:55:01,1 574.82
2023-03-06 16:56:01,1 575.41
2023-03-06 16:57:02,1 575.97
2023-03-06 16:58:01,1 576.48
2023-03-06 16:59:02,1 576.95
2023-03-06 17:00:01,1 576.40
2023-03-06 17:01:02,1 575.43
2023-03-06 17:02:01,1 575.43
2023-03-06 17:03:02,1 577.46
2023-03-06 17:04:01,1 577.39
2023-03-06 17:05:01,1 576.80
2023-03-06 17:06:01,1 576.71
2023-03-06 17:07:01,1 576.22
2023-03-06 17:08:02,1 576.05
2023-03-06 17:09:02,1 575.83
2023-03-06 17:10:01,1 575.82
2023-03-06 17:11:02,1 575.65
2023-03-06 17:12:01,1 574.80
2023-03-06 17:13:01,1 574.95
2023-03-06 17:14:02,1 575.90
2023-03-06 17:15:01,1 576.27
2023-03-06 17:16:01,1 576.37
2023-03-06 17:17:02,1 576.50
2023-03-06 17:18:01,1 576.47
2023-03-06 17:19:01,1 576.11
2023-03-06 17:20:02,1 575.67
2023-03-06 17:21:01,1 575.67
2023-03-06 17:22:02,1 575.58
2023-03-06 17:23:01,1 575.71
2023-03-06 17:24:01,1 575.04
2023-03-06 17:25:02,1 575.57
2023-03-06 17:26:01,1 575.48
2023-03-06 17:30:02,1 575.27
2023-03-06 17:35:01,1 574.16
2023-03-06 17:40:02,1 575.29
2023-03-06 17:45:01,1 575.58
2023-03-06 17:50:01,1 575.07
2023-03-06 17:55:02,1 574.97
2023-03-06 18:00:02,1 574.38
2023-03-06 18:05:01,1 575.53
2023-03-06 18:10:01,1 575.25
2023-03-06 18:15:02,1 574.23
2023-03-06 18:20:01,1 574.11
2023-03-06 18:25:02,1 575.23
2023-03-06 18:30:01,1 574.34
2023-03-06 18:35:01,1 575.34
2023-03-06 18:40:02,1 573.89
2023-03-06 18:45:01,1 577.00
2023-03-06 18:50:02,1 574.85
2023-03-06 18:55:01,1 575.80
2023-03-06 19:00:02,1 575.15
2023-03-06 19:05:02,1 574.17
2023-03-06 19:10:01,1 575.16
2023-03-06 19:15:01,1 574.68
2023-03-06 19:20:02,1 573.36
2023-03-06 19:25:01,1 569.72
2023-03-06 19:30:02,1 570.26
2023-03-06 19:35:01,1 571.28
2023-03-06 19:40:02,1 570.60
2023-03-06 19:45:01,1 565.51
2023-03-06 19:50:01,1 565.72
2023-03-06 19:55:02,1 571.52
2023-03-06 20:00:01,1 569.80
2023-03-06 20:05:02,1 567.52
2023-03-06 20:10:01,1 566.79
2023-03-06 20:15:02,1 568.84
2023-03-06 20:20:02,1 566.14
2023-03-06 20:30:02,1 564.95
2023-03-06 20:35:01,1 564.49
2023-03-06 20:40:02,1 564.58
2023-03-06 20:45:01,1 564.76
2023-03-06 20:50:02,1 565.15
2023-03-06 20:55:01,1 565.10
2023-03-06 21:00:02,1 562.25
2023-03-06 21:05:01,1 560.56
2023-03-06 21:10:02,1 562.48
2023-03-06 21:15:01,1 563.84
2023-03-06 21:20:01,1 562.15
2023-03-06 21:25:02,1 563.26
2023-03-06 21:30:01,1 563.80
2023-03-06 21:35:02,1 563.34
2023-03-06 21:40:01,1 566.51
2023-03-06 21:45:01,1 565.92
2023-03-06 21:50:02,1 565.55
2023-03-06 21:55:01,1 565.16
2023-03-06 22:00:02,1 566.44
2023-03-06 22:05:01,1 569.02
2023-03-06 22:10:02,1 569.76
2023-03-06 22:15:01,1 570.81
2023-03-06 22:20:01,1 570.17
2023-03-06 22:25:02,1 570.00
2023-03-06 22:30:01,1 569.35
2023-03-06 22:35:02,1 569.85
2023-03-06 22:40:01,1 570.09
2023-03-06 22:45:02,1 570.41
2023-03-06 22:50:02,1 570.45
2023-03-06 22:55:01,1 569.65
2023-03-06 23:00:02,1 569.81
2023-03-06 23:05:01,1 569.50
2023-03-06 23:10:02,1 570.12
2023-03-06 23:15:01,1 570.49
2023-03-06 23:20:02,1 571.75
2023-03-06 23:25:01,1 571.12
2023-03-06 23:30:01,1 571.02
2023-03-06 23:35:01,1 571.65
2023-03-06 23:40:01,1 570.16
2023-03-06 23:45:02,1 567.52
2023-03-06 23:50:01,1 567.41
2023-03-06 23:55:02,1 567.02
2023-03-07 00:00:01,1 566.82
2023-03-07 00:05:02,1 566.12
2023-03-07 00:10:01,1 566.28
2023-03-07 00:15:02,1 567.99
2023-03-07 00:20:01,1 567.43
2023-03-07 00:25:02,1 564.99
2023-03-07 00:30:01,1 564.47
2023-03-07 00:35:01,1 565.21
2023-03-07 00:40:02,1 565.61
2023-03-07 00:45:01,1 565.68
2023-03-07 00:50:02,1 565.27
2023-03-07 00:55:01,1 566.10
2023-03-07 01:00:02,1 570.82
2023-03-07 01:05:01,1 570.12
2023-03-07 01:10:01,1 571.45
2023-03-07 01:15:02,1 568.96
2023-03-07 01:20:01,1 570.23
2023-03-07 01:25:02,1 569.84
2023-03-07 01:30:01,1 570.86
2023-03-07 01:35:02,1 570.77
2023-03-07 01:40:01,1 571.08
2023-03-07 01:45:02,1 571.52
2023-03-07 01:50:01,1 571.59
2023-03-07 01:55:01,1 572.50
2023-03-07 02:00:03,1 574.05
2023-03-07 02:05:01,1 575.61
2023-03-07 02:10:02,1 575.04
2023-03-07 02:15:01,1 575.21
2023-03-07 02:20:02,1 575.24
2023-03-07 02:25:01,1 574.34
2023-03-07 02:30:01,1 573.50
2023-03-07 02:35:03,1 575.28
2023-03-07 02:40:01,1 575.97
2023-03-07 02:45:02,1 574.38
2023-03-07 02:50:01,1 575.48
2023-03-07 02:55:02,1 576.29
2023-03-07 03:00:01,1 576.69
2023-03-07 03:05:02,1 578.13
2023-03-07 03:10:01,1 581.34
2023-03-07 03:15:02,1 579.34
2023-03-07 03:20:02,1 578.03
2023-03-07 03:25:01,1 578.16
2023-03-07 03:30:02,1 576.81
2023-03-07 03:35:01,1 576.60
2023-03-07 03:40:02,1 576.26
2023-03-07 03:45:01,1 577.18
2023-03-07 03:50:02,1 577.25
2023-03-07 03:55:01,1 576.82
2023-03-07 04:00:02,1 576.99
2023-03-07 04:05:01,1 576.92
2023-03-07 04:10:02,1 580.47
2023-03-07 04:15:01,1 580.28
2023-03-07 04:20:02,1 580.71
2023-03-07 04:25:01,1 575.57
2023-03-07 04:30:02,1 576.79
2023-03-07 04:35:01,1 575.44
2023-03-07 04:40:01,1 575.09
2023-03-07 04:45:02,1 575.81
2023-03-07 04:50:01,1 575.60
2023-03-07 04:55:02,1 575.61
2023-03-07 05:00:01,1 575.89
2023-03-07 05:05:02,1 576.27
2023-03-07 05:10:01,1 576.54
2023-03-07 05:15:02,1 576.39
2023-03-07 05:20:02,1 576.17
2023-03-07 05:25:01,1 576.20
2023-03-07 05:30:02,1 576.37
2023-03-07 05:35:01,1 575.62
2023-03-07 05:40:02,1 575.41
2023-03-07 05:45:01,1 575.15
2023-03-07 05:50:02,1 575.38
2023-03-07 05:55:01,1 574.83
2023-03-07 06:00:02,1 574.38
2023-03-07 06:05:01,1 575.01
2023-03-07 06:10:01,1 574.03
2023-03-07 06:15:02,1 574.48
2023-03-07 06:20:01,1 573.79
2023-03-07 06:25:01,1 573.07
2023-03-07 06:30:02,1 573.08
2023-03-07 06:35:01,1 573.26
2023-03-07 06:40:02,1 572.37
2023-03-07 06:45:01,1 573.90
2023-03-07 06:50:01,1 573.46
2023-03-07 06:55:02,1 574.03
2023-03-07 07:00:01,1 574.23
2023-03-07 07:05:02,1 573.94
2023-03-07 07:10:01,1 573.48
2023-03-07 07:15:01,1 572.35
2023-03-07 07:20:02,1 574.54
2023-03-07 07:25:02,1 573.44
2023-03-07 07:30:01,1 573.39
2023-03-07 07:35:02,1 573.05
2023-03-07 07:40:01,1 573.21
2023-03-07 07:45:01,1 573.04
2023-03-07 07:50:02,1 573.41
2023-03-07 07:55:01,1 573.38
2023-03-07 08:00:01,1 572.40
2023-03-07 08:05:02,1 572.83
2023-03-07 08:09:03,1 571.84
2023-03-07 08:10:01,1 571.77
2023-03-07 08:15:01,1 569.94
2023-03-07 08:20:02,1 570.43
2023-03-07 08:25:01,1 570.72
2023-03-07 08:30:02,1 569.96
2023-03-07 08:35:01,1 570.93
2023-03-07 08:40:02,1 569.96
2023-03-07 08:45:01,1 569.43
2023-03-07 08:50:01,1 570.36
2023-03-07 08:55:02,1 570.80
2023-03-07 09:00:02,1 571.19
2023-03-07 09:05:02,1 571.92
2023-03-07 09:10:02,1 571.49
2023-03-07 09:15:01,1 571.87
2023-03-07 09:20:02,1 571.18
2023-03-07 09:25:01,1 568.86
2023-03-07 09:30:02,1 569.66
2023-03-07 09:35:01,1 568.42
2023-03-07 09:40:02,1 564.97
2023-03-07 09:45:01,1 566.42
2023-03-07 09:50:02,1 565.72
2023-03-07 09:55:01,1 567.22
2023-03-07 10:00:02,1 567.46
2023-03-07 10:05:01,1 567.26
2023-03-07 10:10:02,1 567.40
2023-03-07 10:15:01,1 566.22
2023-03-07 10:20:02,1 567.98
2023-03-07 10:25:01,1 569.01
2023-03-07 10:30:02,1 569.34
2023-03-07 10:35:01,1 569.56
2023-03-07 10:40:02,1 568.44
2023-03-07 10:45:01,1 567.05
2023-03-07 10:50:02,1 567.41
2023-03-07 10:55:01,1 567.25
2023-03-07 11:00:02,1 565.13
2023-03-07 11:05:01,1 566.93
2023-03-07 11:10:02,1 566.57
2023-03-07 11:15:01,1 564.78
2023-03-07 11:20:03,1 566.60
2023-03-07 11:25:01,1 565.42
2023-03-07 11:30:01,1 566.25
2023-03-07 11:35:02,1 565.68
2023-03-07 11:40:01,1 566.27
2023-03-07 11:45:02,1 565.96
2023-03-07 11:50:01,1 566.13
2023-03-07 11:55:02,1 565.74
2023-03-07 12:00:01,1 565.56
2023-03-07 12:05:01,1 565.40
2023-03-07 12:10:02,1 566.47
2023-03-07 12:15:01,1 566.77
2023-03-07 12:20:02,1 566.73
2023-03-07 12:25:01,1 566.43
2023-03-07 12:30:02,1 566.63
2023-03-07 12:35:01,1 566.23
2023-03-07 12:40:01,1 565.89
2023-03-07 12:45:02,1 565.56
2023-03-07 12:50:01,1 567.12
2023-03-07 12:55:03,1 567.43
2023-03-07 13:00:01,1 567.62
2023-03-07 13:05:02,1 567.86
2023-03-07 13:10:01,1 567.65
2023-03-07 13:15:01,1 567.70
2023-03-07 13:20:02,1 567.68
2023-03-07 13:25:01,1 568.33
2023-03-07 13:30:02,1 568.39
2023-03-07 13:35:01,1 568.43
2023-03-07 13:40:02,1 568.06
2023-03-07 13:45:01,1 567.50
2023-03-07 13:50:01,1 567.99
2023-03-07 13:55:01,1 567.16
2023-03-07 14:00:02,1 567.04
2023-03-07 14:05:01,1 565.88
2023-03-07 14:10:01,1 564.06
2023-03-07 14:15:03,1 564.40
2023-03-07 14:20:01,1 564.33
2023-03-07 14:25:02,1 563.64
2023-03-07 14:30:02,1 564.87
2023-03-07 14:35:01,1 564.41
2023-03-07 14:40:02,1 567.04
2023-03-07 14:45:01,1 562.47
2023-03-07 14:50:01,1 565.15
2023-03-07 14:55:02,1 564.42
2023-03-07 15:00:01,1 565.46
2023-03-07 15:05:02,1 557.67
2023-03-07 15:10:01,1 556.41
2023-03-07 15:15:02,1 555.45
2023-03-07 15:20:01,1 557.31
2023-03-07 15:25:02,1 552.17
2023-03-07 15:30:01,1 558.58
2023-03-07 15:35:01,1 559.84
2023-03-07 15:40:02,1 563.51
2023-03-07 15:45:02,1 558.36
2023-03-07 15:50:01,1 558.80
2023-03-07 15:55:02,1 562.71
2023-03-07 16:00:01,1 563.35
2023-03-07 16:05:01,1 562.87
2023-03-07 16:10:02,1 563.01
2023-03-07 16:15:01,1 562.39
2023-03-07 16:20:01,1 560.25
2023-03-07 16:25:02,1 560.38
2023-03-07 16:30:01,1 558.40
2023-03-07 16:35:02,1 555.25
2023-03-07 16:40:01,1 552.60
2023-03-07 16:45:02,1 553.02
2023-03-07 16:50:02,1 555.87
2023-03-07 16:55:01,1 554.60
2023-03-07 17:00:01,1 553.22
2023-03-07 17:05:02,1 554.08
2023-03-07 17:10:01,1 554.95
2023-03-07 17:15:02,1 555.71
2023-03-07 17:20:02,1 554.58
2023-03-07 17:25:01,1 560.69
2023-03-07 17:30:01,1 563.64
2023-03-07 17:35:02,1 562.65
2023-03-07 17:40:01,1 563.75
2023-03-07 17:45:02,1 561.97
2023-03-07 17:50:01,1 563.82
2023-03-07 17:55:01,1 563.57
2023-03-07 18:00:02,1 562.71
2023-03-07 18:05:01,1 562.97
2023-03-07 18:10:02,1 562.44
2023-03-07 18:15:01,1 560.86
2023-03-07 18:20:01,1 560.46
2023-03-07 18:25:01,1 559.57
2023-03-07 18:30:01,1 558.55
2023-03-07 18:35:02,1 559.57
2023-03-07 18:40:01,1 556.64
2023-03-07 18:45:02,1 555.19
2023-03-07 18:50:02,1 555.83
2023-03-07 18:55:02,1 555.95
2023-03-07 19:00:01,1 556.07
2023-03-07 19:05:02,1 556.68
2023-03-07 19:10:01,1 555.58
2023-03-07 19:15:02,1 557.21
2023-03-07 19:20:01,1 557.64
2023-03-07 19:25:02,1 557.77
2023-03-07 19:30:01,1 556.66
2023-03-07 19:35:01,1 558.00
2023-03-07 19:40:02,1 558.02
2023-03-07 19:45:01,1 557.49
2023-03-07 19:50:01,1 556.59
2023-03-07 19:55:02,1 556.89
2023-03-07 20:00:01,1 557.10
2023-03-07 20:05:02,1 556.06
2023-03-07 20:10:01,1 544.24
2023-03-07 20:15:02,1 549.81
2023-03-07 20:20:01,1 550.24
2023-03-07 20:25:02,1 549.44
2023-03-07 20:30:02,1 548.72
2023-03-07 20:35:01,1 551.06
2023-03-07 20:40:02,1 553.44
2023-03-07 20:45:01,1 552.78
2023-03-07 20:50:02,1 552.27
2023-03-07 20:55:01,1 552.07
2023-03-07 21:00:03,1 548.09
2023-03-07 21:05:01,1 548.61
2023-03-07 21:10:02,1 549.82
2023-03-07 21:15:01,1 549.31
2023-03-07 21:20:02,1 550.14
2023-03-07 21:25:01,1 548.52
2023-03-07 21:30:01,1 548.23
2023-03-07 21:35:02,1 549.98
2023-03-07 21:40:01,1 548.62
2023-03-07 21:45:02,1 554.92
2023-03-07 21:50:01,1 552.60
2023-03-07 21:55:02,1 552.51
2023-03-07 22:00:02,1 552.78
2023-03-07 22:05:02,1 551.86
2023-03-07 22:10:01,1 549.25
2023-03-07 22:15:01,1 547.13
2023-03-07 22:20:02,1 547.14
2023-03-07 22:25:01,1 546.82
2023-03-07 22:30:01,1 546.60
2023-03-07 22:35:01,1 547.61
2023-03-07 22:40:01,1 550.16
2023-03-07 22:45:02,1 550.50
2023-03-07 22:50:01,1 550.96
2023-03-07 22:55:01,1 550.50
2023-03-07 23:00:01,1 550.90
2023-03-07 23:05:01,1 553.25
2023-03-07 23:10:02,1 552.04
2023-03-07 23:15:01,1 553.75
2023-03-07 23:20:02,1 553.47
2023-03-07 23:25:01,1 554.44
2023-03-07 23:30:01,1 557.87
2023-03-07 23:35:02,1 559.99
2023-03-07 23:40:01,1 559.35
2023-03-07 23:45:02,1 559.76
2023-03-07 23:50:01,1 560.07
2023-03-07 23:55:02,1 560.38
2023-03-08 00:00:01,1 562.88
2023-03-08 00:05:02,1 563.56
2023-03-08 00:10:01,1 565.67
2023-03-08 00:15:02,1 566.79
2023-03-08 00:20:01,1 566.19
2023-03-08 00:25:02,1 566.59
2023-03-08 00:30:01,1 569.27
2023-03-08 00:35:01,1 569.97
2023-03-08 00:40:02,1 568.19
2023-03-08 00:45:01,1 567.99
2023-03-08 00:50:02,1 567.80
2023-03-08 00:55:01,1 567.81
2023-03-08 01:00:02,1 569.95
2023-03-08 01:05:01,1 569.97
2023-03-08 01:10:01,1 566.37
2023-03-08 01:15:01,1 566.71
2023-03-08 01:20:02,1 567.66
2023-03-08 01:25:01,1 567.25
2023-03-08 01:30:02,1 566.51
2023-03-08 01:35:02,1 567.13
2023-03-08 01:40:01,1 568.57
2023-03-08 01:45:01,1 565.85
2023-03-08 01:50:02,1 565.99
2023-03-08 01:55:01,1 562.41
2023-03-08 02:00:02,1 563.40
2023-03-08 02:05:01,1 563.27
2023-03-08 02:10:02,1 563.95
2023-03-08 02:15:01,1 563.77
2023-03-08 02:20:01,1 563.75
2023-03-08 02:25:01,1 564.05
2023-03-08 02:30:01,1 564.00
2023-03-08 02:35:02,1 563.41
2023-03-08 02:40:01,1 562.95
2023-03-08 02:45:02,1 564.60
2023-03-08 02:50:01,1 564.11
2023-03-08 02:55:01,1 561.78
2023-03-08 03:00:02,1 561.74
2023-03-08 03:05:01,1 561.75
2023-03-08 03:10:02,1 561.86
2023-03-08 03:15:02,1 560.85
2023-03-08 03:20:01,1 561.04
2023-03-08 03:25:02,1 556.27
2023-03-08 03:30:02,1 559.67
2023-03-08 03:35:01,1 559.19
2023-03-08 03:40:02,1 559.66
2023-03-08 03:45:01,1 559.69
2023-03-08 03:50:02,1 559.80
2023-03-08 03:55:01,1 562.20
2023-03-08 04:00:02,1 561.86
2023-03-08 04:05:03,1 562.72
2023-03-08 04:10:01,1 562.99
2023-03-08 04:15:02,1 562.72
2023-03-08 04:20:01,1 563.67
2023-03-08 04:25:02,1 563.60
2023-03-08 04:30:01,1 563.05
2023-03-08 04:35:02,1 563.56
2023-03-08 04:40:01,1 561.15
2023-03-08 04:45:02,1 560.46
2023-03-08 04:50:02,1 562.39
2023-03-08 04:55:01,1 562.23
2023-03-08 05:00:02,1 562.25
2023-03-08 05:05:02,1 562.58
2023-03-08 05:10:01,1 561.94
2023-03-08 05:15:02,1 560.24
2023-03-08 05:20:02,1 559.56
2023-03-08 05:25:02,1 559.25
2023-03-08 05:30:01,1 559.60
2023-03-08 05:35:01,1 558.35
2023-03-08 05:40:01,1 554.38
2023-03-08 05:45:02,1 554.37
2023-03-08 05:50:01,1 555.66
2023-03-08 05:55:01,1 556.71
2023-03-08 06:00:02,1 552.14
2023-03-08 06:05:01,1 549.76
2023-03-08 06:10:01,1 553.17
2023-03-08 06:15:01,1 552.52
2023-03-08 06:20:02,1 552.74
2023-03-08 06:25:01,1 551.78
2023-03-08 06:30:02,1 555.10
2023-03-08 06:35:01,1 555.02
2023-03-08 06:40:02,1 555.08
2023-03-08 06:45:01,1 552.38
2023-03-08 06:50:02,1 552.84
2023-03-08 06:55:01,1 553.97
2023-03-08 07:00:02,1 554.04
2023-03-08 07:05:02,1 553.51
2023-03-08 07:10:01,1 555.23
2023-03-08 07:15:02,1 554.02
2023-03-08 07:20:01,1 555.02
2023-03-08 07:25:02,1 554.70
2023-03-08 07:30:01,1 550.31
2023-03-08 07:35:01,1 552.62
2023-03-08 07:40:02,1 554.64
2023-03-08 07:45:01,1 555.36
2023-03-08 07:50:02,1 553.88
2023-03-08 07:55:01,1 554.39
2023-03-08 08:00:02,1 553.50
2023-03-08 08:05:01,1 553.12
2023-03-08 08:10:02,1 551.19
2023-03-08 08:15:01,1 551.66
2023-03-08 08:20:03,1 551.51
2023-03-08 08:25:01,1 552.37
2023-03-08 08:30:02,1 553.10
2023-03-08 08:35:01,1 554.78
2023-03-08 08:40:01,1 554.99
2023-03-08 08:45:01,1 554.19
2023-03-08 08:50:02,1 554.57
2023-03-08 08:55:01,1 554.38
2023-03-08 09:00:03,1 553.95
2023-03-08 09:05:02,1 553.59
2023-03-08 09:10:03,1 554.04
2023-03-08 09:15:02,1 553.91
2023-03-08 09:20:03,1 554.62
2023-03-08 09:25:02,1 553.03
2023-03-08 09:30:02,1 553.26
2023-03-08 09:35:03,1 552.57
2023-03-08 09:40:03,1 553.78
2023-03-08 09:45:02,1 553.62
2023-03-08 09:50:02,1 554.15
2023-03-08 09:55:02,1 556.48
2023-03-08 10:00:03,1 556.20
2023-03-08 10:05:03,1 555.89
2023-03-08 10:10:03,1 555.89
2023-03-08 10:15:02,1 555.98
2023-03-08 10:20:02,1 557.96
2023-03-08 10:25:02,1 557.63
2023-03-08 10:30:02,1 558.47
2023-03-08 10:35:02,1 557.94
2023-03-08 10:40:02,1 557.95
2023-03-08 10:45:02,1 558.17
2023-03-08 10:50:02,1 559.28
2023-03-08 10:55:02,1 559.62
2023-03-08 11:00:03,1 559.69
2023-03-08 11:05:03,1 560.53
2023-03-08 11:10:02,1 559.78
2023-03-08 11:15:02,1 558.70
2023-03-08 11:20:02,1 558.72
2023-03-08 11:25:02,1 558.83
2023-03-08 11:30:02,1 558.96
2023-03-08 11:35:02,1 558.66
2023-03-08 11:40:02,1 558.32
2023-03-08 11:45:02,1 559.38
2023-03-08 11:50:03,1 558.93
2023-03-08 11:55:01,1 558.61
2023-03-08 12:00:02,1 558.30
2023-03-08 12:05:02,1 558.00
2023-03-08 12:10:02,1 558.20
2023-03-08 12:15:02,1 558.04
2023-03-08 12:20:02,1 558.78
2023-03-08 12:25:02,1 559.27
2023-03-08 12:30:02,1 557.28
2023-03-08 12:35:03,1 557.04
2023-03-08 12:40:03,1 558.78
2023-03-08 12:45:02,1 558.22
2023-03-08 12:50:02,1 554.43
2023-03-08 12:55:02,1 554.44
2023-03-08 13:00:03,1 553.62
2023-03-08 13:05:02,1 554.49
2023-03-08 13:10:03,1 554.46
2023-03-08 13:15:02,1 552.82
2023-03-08 13:20:02,1 552.19
2023-03-08 13:25:03,1 553.69
2023-03-08 13:30:02,1 552.09
2023-03-08 13:35:02,1 553.61
2023-03-08 13:40:03,1 552.91
2023-03-08 13:45:02,1 552.37
2023-03-08 13:50:02,1 554.52
2023-03-08 13:55:02,1 552.69
2023-03-08 14:00:02,1 550.66
2023-03-08 14:05:01,1 551.26
2023-03-08 14:10:03,1 550.57
2023-03-08 14:15:03,1 549.10
2023-03-08 14:20:02,1 553.17
2023-03-08 14:25:02,1 550.11
2023-03-08 14:30:02,1 550.41
2023-03-08 14:35:02,1 550.87
2023-03-08 14:40:02,1 548.22
2023-03-08 14:45:03,1 550.19
2023-03-08 14:50:02,1 549.10
2023-03-08 14:55:02,1 550.30
2023-03-08 15:00:02,1 550.55
2023-03-08 15:05:02,1 549.50
2023-03-08 15:10:02,1 552.65
2023-03-08 15:15:02,1 556.08
2023-03-08 15:20:03,1 558.68
2023-03-08 15:25:02,1 552.42
2023-03-08 15:30:02,1 558.87
2023-03-08 15:35:01,1 560.71
2023-03-08 15:40:02,1 561.86
2023-03-08 15:45:03,1 559.81
2023-03-08 15:50:03,1 557.72
2023-03-08 15:55:02,1 559.31
2023-03-08 16:00:03,1 560.23
2023-03-08 16:05:03,1 561.05
2023-03-08 16:10:02,1 561.70
2023-03-08 16:15:01,1 561.33
2023-03-08 16:20:02,1 559.26
2023-03-08 16:25:02,1 559.55
2023-03-08 16:30:03,1 559.96
2023-03-08 16:35:02,1 557.78
2023-03-08 16:40:02,1 553.49
2023-03-08 16:45:02,1 555.33
2023-03-08 16:50:02,1 555.54
2023-03-08 16:55:01,1 562.46
2023-03-08 17:00:03,1 561.24
2023-03-08 17:05:02,1 561.18
2023-03-08 17:10:03,1 560.22
2023-03-08 17:15:02,1 560.09
2023-03-08 17:20:02,1 556.68
2023-03-08 17:25:02,1 558.13
2023-03-08 17:30:02,1 557.99
2023-03-08 17:35:02,1 557.27
2023-03-08 17:40:02,1 556.02
2023-03-08 17:45:03,1 557.72
2023-03-08 17:50:02,1 558.17
2023-03-08 17:55:02,1 556.53
2023-03-08 18:00:03,1 556.24
2023-03-08 18:05:02,1 550.90
2023-03-08 18:10:03,1 554.97
2023-03-08 18:15:03,1 554.55
2023-03-08 18:20:03,1 553.28
2023-03-08 18:25:02,1 554.34
2023-03-08 18:30:02,1 552.93
2023-03-08 18:35:02,1 552.42
2023-03-08 18:40:03,1 553.25
2023-03-08 18:45:02,1 550.55
2023-03-08 18:50:03,1 550.24
2023-03-08 18:55:02,1 551.15
2023-03-08 19:00:02,1 553.42
2023-03-08 19:05:02,1 553.05
2023-03-08 19:10:03,1 552.56
2023-03-08 19:15:03,1 552.67
2023-03-08 19:20:02,1 551.85
2023-03-08 19:25:02,1 553.25
2023-03-08 19:30:03,1 552.35
2023-03-08 19:35:02,1 552.56
2023-03-08 19:40:03,1 551.81
2023-03-08 19:45:02,1 554.74
2023-03-08 19:50:03,1 555.32
2023-03-08 19:55:01,1 553.57
2023-03-08 20:00:02,1 553.33
2023-03-08 20:05:02,1 553.24
2023-03-08 20:10:03,1 552.92
2023-03-08 20:15:02,1 551.27
2023-03-08 20:20:02,1 549.74
2023-03-08 20:25:02,1 552.20
2023-03-08 20:30:02,1 553.02
2023-03-08 20:35:02,1 553.65
2023-03-08 20:40:02,1 556.68
2023-03-08 20:45:02,1 556.33
2023-03-08 20:50:02,1 560.90
2023-03-08 20:55:02,1 560.11
2023-03-08 21:00:02,1 559.67
2023-03-08 21:05:02,1 559.88
2023-03-08 21:10:02,1 559.37
2023-03-08 21:15:03,1 559.16
2023-03-08 21:20:03,1 560.43
2023-03-08 21:25:02,1 560.31
2023-03-08 21:30:03,1 558.49
2023-03-08 21:35:01,1 558.70
2023-03-08 21:40:03,1 556.10
2023-03-08 21:45:02,1 555.63
2023-03-08 21:50:02,1 554.32
2023-03-08 21:55:02,1 554.48
2023-03-08 22:00:03,1 553.02
2023-03-08 22:05:02,1 553.04
2023-03-08 22:10:02,1 551.39
2023-03-08 22:15:03,1 551.76
2023-03-08 22:20:02,1 550.72
2023-03-08 22:25:02,1 550.96
2023-03-08 22:30:02,1 550.93
2023-03-08 22:35:02,1 550.22
2023-03-08 22:40:03,1 549.33
2023-03-08 22:45:02,1 551.61
2023-03-08 22:50:02,1 550.16
2023-03-08 22:55:02,1 549.56
2023-03-08 23:00:03,1 549.73
2023-03-08 23:05:02,1 546.91
2023-03-08 23:10:02,1 544.39
2023-03-08 23:15:02,1 539.10
2023-03-08 23:20:02,1 540.44
2023-03-08 23:25:02,1 540.10
2023-03-08 23:30:02,1 535.48
2023-03-08 23:35:02,1 539.20
2023-03-08 23:40:03,1 533.75
2023-03-08 23:45:02,1 534.06
2023-03-08 23:50:03,1 535.09
2023-03-08 23:55:02,1 535.29
2023-03-09 00:00:03,1 533.57
2023-03-09 00:05:02,1 533.96
2023-03-09 00:10:03,1 534.44
2023-03-09 00:15:02,1 534.42
2023-03-09 00:20:02,1 534.34
2023-03-09 00:25:02,1 533.49
2023-03-09 00:30:03,1 536.46
2023-03-09 00:35:02,1 535.79
2023-03-09 00:40:02,1 534.17
2023-03-09 00:45:02,1 533.95
2023-03-09 00:50:04,1 535.44
2023-03-09 00:55:03,1 534.73
2023-03-09 01:00:02,1 535.55
2023-03-09 01:05:03,1 535.28
2023-03-09 01:10:02,1 533.62
2023-03-09 01:15:02,1 535.58
2023-03-09 01:20:02,1 537.41
2023-03-09 01:25:02,1 537.30
2023-03-09 01:30:03,1 536.98
2023-03-09 01:35:02,1 536.18
2023-03-09 01:40:03,1 540.00
2023-03-09 01:45:02,1 539.67
2023-03-09 01:50:03,1 538.73
2023-03-09 01:55:02,1 539.03
2023-03-09 02:00:03,1 538.86
2023-03-09 02:05:03,1 539.06
2023-03-09 02:10:02,1 539.62
2023-03-09 02:15:02,1 538.77
2023-03-09 02:20:02,1 539.36
2023-03-09 02:25:02,1 540.85
2023-03-09 02:30:03,1 540.87
2023-03-09 02:35:02,1 540.30
2023-03-09 02:40:03,1 542.67
2023-03-09 02:45:02,1 542.95
2023-03-09 02:50:02,1 543.32
2023-03-09 02:55:02,1 543.27
2023-03-09 03:00:03,1 542.83
2023-03-09 03:05:02,1 543.50
2023-03-09 03:10:02,1 543.85
2023-03-09 03:15:03,1 543.24
2023-03-09 03:20:02,1 542.16
2023-03-09 03:25:02,1 541.31
2023-03-09 03:30:02,1 541.57
2023-03-09 03:35:02,1 541.71
2023-03-09 03:40:03,1 542.11
2023-03-09 03:45:03,1 542.24
2023-03-09 03:50:02,1 542.02
2023-03-09 03:55:02,1 541.62
2023-03-09 04:00:02,1 541.84
2023-03-09 04:05:02,1 541.54
2023-03-09 04:10:02,1 541.15
2023-03-09 04:15:02,1 540.88
2023-03-09 04:20:03,1 540.15
2023-03-09 04:25:03,1 540.14
2023-03-09 04:30:02,1 540.18
2023-03-09 04:35:02,1 540.51
2023-03-09 04:40:03,1 540.01
2023-03-09 04:45:02,1 539.48
2023-03-09 04:50:02,1 539.00
2023-03-09 04:55:02,1 539.19
2023-03-09 05:00:03,1 539.19
2023-03-09 05:05:02,1 539.13
2023-03-09 05:10:02,1 542.58
2023-03-09 05:15:02,1 543.06
2023-03-09 05:20:02,1 542.70
2023-03-09 05:25:02,1 538.67
2023-03-09 05:30:02,1 539.40
2023-03-09 05:35:02,1 539.69
2023-03-09 05:40:02,1 539.41
2023-03-09 05:45:02,1 539.40
2023-03-09 05:50:02,1 539.26
2023-03-09 05:55:03,1 539.25
2023-03-09 06:00:02,1 538.75
2023-03-09 06:05:02,1 538.19
2023-03-09 06:10:02,1 538.90
2023-03-09 06:15:02,1 539.04
2023-03-09 06:20:02,1 539.19
2023-03-09 06:25:01,1 539.24
2023-03-09 06:30:02,1 539.48
2023-03-09 06:35:03,1 537.69
2023-03-09 06:40:02,1 537.12
2023-03-09 06:45:03,1 538.61
2023-03-09 06:50:03,1 538.33
2023-03-09 06:55:02,1 537.75
2023-03-09 07:00:02,1 539.88
2023-03-09 07:05:03,1 542.02
2023-03-09 07:10:02,1 540.85
2023-03-09 07:15:02,1 540.17
2023-03-09 07:20:03,1 540.07
2023-03-09 07:25:02,1 540.39
2023-03-09 07:30:03,1 540.78
2023-03-09 07:35:02,1 539.93
2023-03-09 07:40:02,1 539.58
2023-03-09 07:45:02,1 539.67
2023-03-09 07:50:03,1 539.84
2023-03-09 07:55:02,1 539.85
2023-03-09 08:00:02,1 537.33
2023-03-09 08:05:02,1 537.29
2023-03-09 08:10:03,1 536.88
2023-03-09 08:15:02,1 539.17
2023-03-09 08:20:02,1 538.74
2023-03-09 08:35:03,1 535.34
2023-03-09 08:40:02,1 535.41
2023-03-09 08:45:03,1 533.06
2023-03-09 08:50:03,1 533.05
2023-03-09 08:55:02,1 533.14
2023-03-09 09:00:02,1 534.71
2023-03-09 09:05:01,1 533.32
2023-03-09 09:10:02,1 531.40
2023-03-09 09:15:02,1 532.79
2023-03-09 09:20:03,1 533.85
2023-03-09 09:25:02,1 534.18
2023-03-09 09:30:02,1 532.31
2023-03-09 09:35:03,1 531.72
2023-03-09 09:40:03,1 532.37
2023-03-09 09:45:02,1 532.20
2023-03-09 09:50:02,1 532.40
2023-03-09 09:55:02,1 532.04
2023-03-09 10:00:03,1 532.78
2023-03-09 10:05:03,1 531.96
2023-03-09 10:10:02,1 532.52
2023-03-09 10:15:02,1 533.92
2023-03-09 10:20:02,1 534.61
2023-03-09 10:25:02,1 532.93
2023-03-09 10:30:02,1 533.79
2023-03-09 10:35:02,1 533.61
2023-03-09 10:40:02,1 531.28
2023-03-09 10:45:03,1 530.44
2023-03-09 10:50:03,1 530.78
2023-03-09 10:55:03,1 534.70
2023-03-09 11:00:03,1 533.43
2023-03-09 11:05:02,1 533.35
2023-03-09 11:10:03,1 533.62
2023-03-09 11:15:02,1 535.39
2023-03-09 11:20:02,1 535.21
2023-03-09 11:25:02,1 534.90
2023-03-09 11:30:03,1 535.08
2023-03-09 11:35:02,1 535.28
2023-03-09 11:40:02,1 535.15
2023-03-09 11:45:03,1 535.20
2023-03-09 11:50:02,1 535.43
2023-03-09 11:55:02,1 534.69
2023-03-09 12:00:03,1 535.37
2023-03-09 12:05:02,1 536.12
2023-03-09 12:10:03,1 534.17
2023-03-09 12:15:02,1 534.06
2023-03-09 12:20:02,1 532.65
2023-03-09 12:25:02,1 532.64
2023-03-09 12:30:02,1 533.49
2023-03-09 12:35:02,1 532.12
2023-03-09 12:40:02,1 531.77
2023-03-09 12:45:02,1 532.73
2023-03-09 12:50:02,1 532.09
2023-03-09 12:55:02,1 532.87
2023-03-09 13:00:02,1 532.86
2023-03-09 13:05:02,1 532.17
2023-03-09 13:10:02,1 532.40
2023-03-09 13:15:01,1 532.14
2023-03-09 13:20:01,1 530.97
2023-03-09 13:25:02,1 532.26
2023-03-09 13:30:03,1 531.76
2023-03-09 13:35:02,1 533.31
2023-03-09 13:40:03,1 534.68
2023-03-09 13:45:02,1 536.23
2023-03-09 13:50:03,1 536.39
2023-03-09 13:55:02,1 540.45
2023-03-09 14:00:03,1 538.83
2023-03-09 14:05:03,1 538.96
2023-03-09 14:10:02,1 539.69
2023-03-09 14:15:02,1 539.65
2023-03-09 14:20:02,1 540.92
2023-03-09 14:25:03,1 546.57
2023-03-09 14:30:02,1 543.66
2023-03-09 14:35:02,1 541.66
2023-03-09 14:40:02,1 542.82
2023-03-09 14:45:03,1 542.62
2023-03-09 14:50:02,1 543.31
2023-03-09 14:55:02,1 542.58
2023-03-09 15:00:02,1 542.19
2023-03-09 15:05:02,1 541.28
2023-03-09 15:10:02,1 544.07
2023-03-09 15:15:02,1 541.70
2023-03-09 15:20:02,1 541.14
2023-03-09 15:25:02,1 541.32
2023-03-09 15:30:02,1 541.64
2023-03-09 15:35:01,1 539.18
2023-03-09 15:40:01,1 538.35
2023-03-09 15:45:02,1 538.82
2023-03-09 15:50:02,1 538.76
2023-03-09 15:55:02,1 538.44
2023-03-09 16:00:03,1 534.53
2023-03-09 16:05:02,1 534.99
2023-03-09 16:10:02,1 535.12
2023-03-09 16:15:02,1 536.68
2023-03-09 16:20:03,1 538.12
2023-03-09 16:25:02,1 535.07
2023-03-09 16:30:02,1 534.28
2023-03-09 16:35:02,1 533.95
2023-03-09 16:40:02,1 533.91
2023-03-09 16:45:02,1 533.39
2023-03-09 16:50:03,1 533.90
2023-03-09 16:55:03,1 533.40
2023-03-09 17:00:03,1 526.17
2023-03-09 17:05:03,1 525.37
2023-03-09 17:10:04,1 526.04
2023-03-09 17:15:03,1 526.43
2023-03-09 17:20:03,1 525.61
2023-03-09 17:25:02,1 525.96
2023-03-09 17:30:03,1 531.28
2023-03-09 17:35:02,1 529.04
2023-03-09 17:40:02,1 528.63
2023-03-09 17:45:03,1 529.78
2023-03-09 17:50:02,1 529.16
2023-03-09 17:55:02,1 528.16
2023-03-09 18:00:02,1 529.24
2023-03-09 18:05:03,1 529.98
2023-03-09 18:10:02,1 528.89
2023-03-09 18:15:02,1 528.52
2023-03-09 18:20:03,1 527.42
2023-03-09 18:25:02,1 529.18
2023-03-09 18:30:03,1 527.57
2023-03-09 18:35:02,1 522.59
2023-03-09 18:40:02,1 523.36
2023-03-09 18:45:02,1 508.93
2023-03-09 18:50:02,1 507.73
2023-03-09 18:55:02,1 510.29
2023-03-09 19:00:03,1 510.34
2023-03-09 19:05:02,1 509.98
2023-03-09 19:10:03,1 499.40
2023-03-09 19:15:02,1 501.43
2023-03-09 19:20:02,1 502.01
2023-03-09 19:25:02,1 499.87
2023-03-09 19:30:03,1 497.64
2023-03-09 19:35:03,1 492.94
2023-03-09 19:40:02,1 495.64
2023-03-09 19:45:02,1 494.43
2023-03-09 19:50:02,1 493.25
2023-03-09 19:55:03,1 491.10
2023-03-09 20:00:02,1 490.93
2023-03-09 20:05:03,1 491.33
2023-03-09 20:10:02,1 486.21
2023-03-09 20:15:03,1 486.61
2023-03-09 20:20:02,1 484.27
2023-03-09 20:25:02,1 475.90
2023-03-09 20:30:03,1 475.44
2023-03-09 20:35:02,1 480.01
2023-03-09 20:40:03,1 476.22
2023-03-09 20:45:02,1 464.19
2023-03-09 20:50:02,1 455.24
2023-03-09 20:55:02,1 452.66
2023-03-09 21:00:03,1 433.28
2023-03-09 21:05:02,1 425.03
2023-03-09 21:10:03,1 431.97
2023-03-09 21:15:03,1 430.89
2023-03-09 21:20:02,1 436.66
2023-03-09 21:25:02,1 436.54
2023-03-09 21:30:03,1 441.15
2023-03-09 21:35:02,1 440.84
2023-03-09 21:40:03,1 440.38
2023-03-09 21:45:03,1 441.80
2023-03-09 21:50:02,1 442.44
2023-03-09 21:55:02,1 438.72
2023-03-09 22:00:03,1 435.72
2023-03-09 22:05:02,1 437.65
2023-03-09 22:10:02,1 439.07
2023-03-09 22:15:02,1 439.27
2023-03-09 22:20:02,1 443.82
2023-03-09 22:25:02,1 441.12
2023-03-09 22:30:02,1 441.24
2023-03-09 22:35:02,1 440.41
2023-03-09 22:40:02,1 440.28
2023-03-09 22:45:02,1 439.28
2023-03-09 22:50:02,1 437.56
2023-03-09 22:55:03,1 436.58
2023-03-09 23:00:03,1 436.72
2023-03-09 23:05:02,1 431.08
2023-03-09 23:10:02,1 434.08
2023-03-09 23:15:02,1 436.22
2023-03-09 23:20:02,1 435.62
2023-03-09 23:25:02,1 434.13
2023-03-09 23:30:03,1 436.34
2023-03-09 23:35:02,1 437.46
2023-03-09 23:40:02,1 438.39
2023-03-09 23:45:02,1 438.35
2023-03-09 23:50:02,1 437.96
2023-03-09 23:55:02,1 439.45
2023-03-10 00:00:03,1 440.03
2023-03-10 00:05:02,1 438.31
2023-03-10 00:10:02,1 437.52
2023-03-10 00:15:02,1 437.46
2023-03-10 00:20:02,1 430.04
2023-03-10 00:25:03,1 433.49
2023-03-10 00:30:02,1 436.32
2023-03-10 00:35:02,1 431.31
2023-03-10 00:40:03,1 426.86
2023-03-10 00:45:01,1 426.81
2023-03-10 00:50:03,1 426.82
2023-03-10 00:55:02,1 425.58
2023-03-10 01:00:03,1 426.36
2023-03-10 01:05:02,1 423.53
2023-03-10 01:10:02,1 419.60
2023-03-10 01:15:02,1 421.85
2023-03-10 01:20:02,1 421.32
2023-03-10 01:25:02,1 425.01
2023-03-10 01:30:02,1 416.88
2023-03-10 01:35:02,1 429.17
2023-03-10 01:40:02,1 428.26
2023-03-10 01:45:02,1 429.31
2023-03-10 01:50:02,1 429.15
2023-03-10 01:55:02,1 429.51
2023-03-10 02:00:03,1 432.01
2023-03-10 02:05:02,1 429.62
2023-03-10 02:10:03,1 431.94
2023-03-10 02:15:02,1 432.65
2023-03-10 02:20:02,1 430.41
2023-03-10 02:25:02,1 430.10
2023-03-10 02:30:03,1 430.56
2023-03-10 02:35:03,1 429.00
2023-03-10 02:40:02,1 430.45
2023-03-10 02:45:02,1 429.89
2023-03-10 02:50:03,1 427.86
2023-03-10 02:55:03,1 426.44
2023-03-10 03:00:02,1 427.09
2023-03-10 03:05:01,1 426.71
2023-03-10 03:10:03,1 426.93
2023-03-10 03:15:03,1 427.01
2023-03-10 03:20:02,1 427.09
2023-03-10 03:25:02,1 427.82
2023-03-10 03:30:03,1 428.14
2023-03-10 03:35:02,1 427.56
2023-03-10 03:40:03,1 429.38
2023-03-10 03:45:02,1 429.61
2023-03-10 03:50:02,1 430.33
2023-03-10 03:55:02,1 429.18
2023-03-10 04:00:02,1 429.27
2023-03-10 04:05:02,1 428.89
2023-03-10 04:10:02,1 425.02
2023-03-10 04:15:02,1 425.59
2023-03-10 04:20:03,1 424.37
2023-03-10 04:25:02,1 422.67
2023-03-10 04:30:02,1 423.43
2023-03-10 04:35:02,1 423.06
2023-03-10 04:40:03,1 417.27
2023-03-10 04:45:02,1 416.69
2023-03-10 04:50:03,1 418.28
2023-03-10 04:55:02,1 418.18
2023-03-10 05:00:03,1 417.29
2023-03-10 05:05:02,1 417.96
2023-03-10 05:10:02,1 419.08
2023-03-10 05:15:02,1 416.54
2023-03-10 05:20:02,1 416.93
2023-03-10 05:25:02,1 418.11
2023-03-10 05:30:03,1 416.56
2023-03-10 05:35:02,1 420.71
2023-03-10 05:40:03,1 420.70
2023-03-10 05:45:03,1 419.26
2023-03-10 05:50:02,1 419.99
2023-03-10 05:55:02,1 421.26
2023-03-10 06:00:03,1 421.31
2023-03-10 06:05:01,1 422.61
2023-03-10 06:10:03,1 421.20
2023-03-10 06:15:03,1 417.54
2023-03-10 06:20:03,1 416.65
2023-03-10 06:25:02,1 416.72
2023-03-10 06:30:02,1 416.90
2023-03-10 06:35:01,1 416.97
2023-03-10 06:40:03,1 417.67
2023-03-10 06:45:02,1 414.07
2023-03-10 06:50:02,1 412.94
2023-03-10 06:55:02,1 412.69
2023-03-10 07:00:02,1 410.94
2023-03-10 07:05:02,1 411.37
2023-03-10 07:10:03,1 407.45
2023-03-10 07:15:02,1 406.49
2023-03-10 07:20:03,1 400.75
2023-03-10 07:25:02,1 406.34
2023-03-10 07:30:03,1 404.66
2023-03-10 07:35:02,1 410.00
2023-03-10 07:40:03,1 416.12
2023-03-10 07:45:02,1 414.07
2023-03-10 07:50:02,1 411.57
2023-03-10 07:55:02,1 409.87
2023-03-10 08:00:03,1 412.44
2023-03-10 08:05:02,1 411.61
2023-03-10 08:10:02,1 412.31
2023-03-10 08:15:02,1 412.71
2023-03-10 08:20:02,1 411.55
2023-03-10 08:25:02,1 412.63
2023-03-10 08:30:03,1 410.89
2023-03-10 08:35:02,1 409.78
2023-03-10 08:40:02,1 409.18
2023-03-10 08:45:02,1 407.63
2023-03-10 08:50:02,1 407.18
2023-03-10 08:55:02,1 411.91
2023-03-10 09:00:02,1 410.21
2023-03-10 09:05:02,1 409.11
2023-03-10 09:10:02,1 406.33
2023-03-10 09:15:02,1 407.11
2023-03-10 09:20:02,1 405.80
2023-03-10 09:25:03,1 407.42
2023-03-10 09:30:02,1 406.58
2023-03-10 09:35:02,1 406.95
2023-03-10 09:40:03,1 404.94
2023-03-10 09:45:03,1 404.53
2023-03-10 09:50:03,1 404.20
2023-03-10 09:55:02,1 403.26
2023-03-10 10:00:02,1 402.71
2023-03-10 10:05:03,1 401.06
2023-03-10 10:10:03,1 400.51
2023-03-10 10:15:02,1 400.15
2023-03-10 10:20:03,1 399.08
2023-03-10 10:25:02,1 396.58
2023-03-10 10:30:03,1 397.48
2023-03-10 10:35:02,1 392.71
2023-03-10 10:40:03,1 392.01
2023-03-10 10:45:02,1 381.32
2023-03-10 10:50:02,1 385.72
2023-03-10 10:55:02,1 389.15
2023-03-10 11:00:02,1 380.35
2023-03-10 11:05:02,1 383.19
2023-03-10 11:10:02,1 384.87
2023-03-10 11:15:02,1 384.15
2023-03-10 11:20:03,1 383.45
2023-03-10 11:25:01,1 380.26
2023-03-10 11:30:03,1 380.98
2023-03-10 11:35:02,1 383.92
2023-03-10 11:40:02,1 383.98
2023-03-10 11:45:02,1 383.46
2023-03-10 11:50:01,1 382.09
2023-03-10 11:55:02,1 384.52
2023-03-10 12:00:03,1 384.66
2023-03-10 12:05:02,1 388.81
2023-03-10 12:10:02,1 385.35
2023-03-10 12:15:02,1 386.56
2023-03-10 12:20:02,1 386.18
2023-03-10 12:25:03,1 389.77
2023-03-10 12:30:02,1 391.57
2023-03-10 12:35:02,1 387.48
2023-03-10 12:40:03,1 394.29
2023-03-10 12:45:02,1 393.62
2023-03-10 12:50:02,1 399.01
2023-03-10 12:55:02,1 394.99
2023-03-10 13:00:03,1 401.67
2023-03-10 13:05:03,1 397.90
2023-03-10 13:10:03,1 397.85
2023-03-10 13:15:03,1 398.21
2023-03-10 13:20:04,1 393.94
2023-03-10 13:25:02,1 395.34
2023-03-10 13:30:02,1 398.36
2023-03-10 13:35:02,1 405.53
2023-03-10 13:40:02,1 406.63
2023-03-10 13:45:03,1 417.75
2023-03-10 13:50:03,1 419.29
2023-03-10 13:55:02,1 418.09
2023-03-10 14:00:02,1 419.72
2023-03-10 14:05:02,1 422.76
2023-03-10 14:10:02,1 415.94
2023-03-10 14:15:03,1 411.23
2023-03-10 14:20:02,1 403.43
2023-03-10 14:25:02,1 409.22
2023-03-10 14:30:02,1 410.34
2023-03-10 14:35:02,1 415.12
2023-03-10 14:40:02,1 407.43
2023-03-10 14:45:02,1 396.66
2023-03-10 14:50:02,1 385.81
2023-03-10 14:55:02,1 395.06
2023-03-10 15:00:02,1 395.27
2023-03-10 15:05:02,1 398.08
2023-03-10 15:10:02,1 408.33
2023-03-10 15:15:02,1 405.57
2023-03-10 15:20:03,1 404.77
2023-03-10 15:25:02,1 406.85
2023-03-10 15:30:02,1 402.01
2023-03-10 15:35:02,1 409.29
2023-03-10 15:40:02,1 410.17
2023-03-10 15:45:02,1 411.20
2023-03-10 15:50:02,1 410.56
2023-03-10 15:55:03,1 415.19
2023-03-10 16:00:03,1 417.97
2023-03-10 16:05:02,1 416.93
2023-03-10 16:10:03,1 415.88
2023-03-10 16:15:01,1 414.98
2023-03-10 16:20:03,1 413.87
2023-03-10 16:25:02,1 420.00
2023-03-10 16:30:02,1 424.80
2023-03-10 16:35:03,1 433.97
2023-03-10 16:40:03,1 434.48
2023-03-10 16:45:03,1 429.78
2023-03-10 16:50:03,1 427.72
2023-03-10 16:55:02,1 427.29
2023-03-10 17:00:03,1 415.65
2023-03-10 17:05:02,1 415.33
2023-03-10 17:10:02,1 411.71
2023-03-10 17:15:03,1 411.46
2023-03-10 17:20:03,1 407.58
2023-03-10 17:25:03,1 407.50
2023-03-10 17:30:03,1 406.21
2023-03-10 17:35:02,1 408.76
2023-03-10 17:40:03,1 409.85
2023-03-10 17:45:02,1 412.76
2023-03-10 17:50:03,1 416.36
2023-03-10 17:55:02,1 413.57
2023-03-10 18:00:02,1 412.21
2023-03-10 18:05:03,1 413.82
2023-03-10 18:10:03,1 410.73
2023-03-10 18:15:02,1 413.51
2023-03-10 18:20:02,1 410.83
2023-03-10 18:25:02,1 411.72
2023-03-10 18:30:03,1 409.85
2023-03-10 18:35:02,1 409.85
2023-03-10 18:40:02,1 404.90
2023-03-10 18:45:02,1 406.73
2023-03-10 18:50:03,1 408.07
2023-03-10 18:55:02,1 405.26
2023-03-10 19:00:02,1 404.63
2023-03-10 19:05:02,1 407.76
2023-03-10 19:10:02,1 410.62
2023-03-10 19:15:02,1 413.40
2023-03-10 19:20:03,1 410.24
2023-03-10 19:25:01,1 415.02
2023-03-10 19:30:03,1 412.15
2023-03-10 19:35:02,1 413.93
2023-03-10 19:40:02,1 415.38
2023-03-10 19:45:02,1 414.18
2023-03-10 19:50:02,1 419.49
2023-03-10 19:55:02,1 421.29
2023-03-10 20:00:03,1 422.27
2023-03-10 20:05:02,1 421.10
2023-03-10 20:10:02,1 422.11
2023-03-10 20:15:02,1 426.61
2023-03-10 20:20:02,1 424.22
2023-03-10 20:25:02,1 419.57
2023-03-10 20:30:02,1 421.52
2023-03-10 20:35:02,1 420.61
2023-03-10 20:40:03,1 420.40
2023-03-10 20:45:02,1 416.30
2023-03-10 20:50:03,1 418.28
2023-03-10 20:55:02,1 418.42
2023-03-10 21:00:03,1 418.85
2023-03-10 21:05:02,1 417.49
2023-03-10 21:10:02,1 415.70
2023-03-10 21:15:02,1 416.14
2023-03-10 21:20:03,1 414.78
2023-03-10 21:25:03,1 414.27
2023-03-10 21:30:02,1 413.10
2023-03-10 21:35:02,1 415.43
2023-03-10 21:40:01,1 409.48
2023-03-10 21:45:02,1 411.88
2023-03-10 21:50:02,1 409.16
2023-03-10 21:55:01,1 413.23
2023-03-10 22:00:02,1 415.65
2023-03-10 22:05:02,1 425.36
2023-03-10 22:10:03,1 427.41
2023-03-10 22:15:02,1 425.53
2023-03-10 22:20:02,1 425.47
2023-03-10 22:25:03,1 425.21
2023-03-10 22:30:03,1 424.94
2023-03-10 22:35:02,1 423.98
2023-03-10 22:40:02,1 422.98
2023-03-10 22:45:02,1 423.97
2023-03-10 22:50:04,1 422.28
2023-03-10 22:55:02,1 424.55
2023-03-10 23:00:03,1 426.03
2023-03-10 23:05:02,1 425.88
2023-03-10 23:10:03,1 429.02
2023-03-10 23:15:02,1 431.39
2023-03-10 23:20:02,1 431.86
2023-03-10 23:25:03,1 431.70
2023-03-10 23:30:02,1 429.99
2023-03-10 23:35:02,1 431.83
2023-03-10 23:40:03,1 432.23
2023-03-10 23:45:03,1 430.93
2023-03-10 23:50:02,1 431.48
2023-03-10 23:55:02,1 431.40
2023-03-11 00:00:03,1 427.54
2023-03-11 00:05:02,1 428.51
2023-03-11 00:10:03,1 432.13
2023-03-11 00:15:02,1 431.09
2023-03-11 00:20:03,1 431.37
2023-03-11 00:25:02,1 430.13
2023-03-11 00:30:03,1 431.79
2023-03-11 00:35:02,1 437.27
2023-03-11 00:40:03,1 435.90
2023-03-11 00:45:02,1 434.25
2023-03-11 00:50:02,1 435.88
2023-03-11 00:55:02,1 435.78
2023-03-11 01:00:03,1 438.89
2023-03-11 01:05:02,1 441.02
2023-03-11 01:10:02,1 445.48
2023-03-11 01:15:02,1 446.09
2023-03-11 01:20:02,1 449.12
2023-03-11 01:25:03,1 446.76
2023-03-11 01:30:02,1 447.32
2023-03-11 01:35:02,1 452.40
2023-03-11 01:40:02,1 452.79
2023-03-11 01:45:02,1 458.74
2023-03-11 01:50:03,1 469.40
2023-03-11 01:55:02,1 468.83
2023-03-11 02:00:02,1 469.01
2023-03-11 02:05:03,1 469.46
2023-03-11 02:10:02,1 477.78
2023-03-11 02:15:02,1 464.39
2023-03-11 02:20:03,1 466.93
2023-03-11 02:25:02,1 464.83
2023-03-11 02:30:02,1 467.42
2023-03-11 02:35:03,1 465.07
2023-03-11 02:40:02,1 466.77
2023-03-11 02:45:02,1 468.95
2023-03-11 02:50:02,1 469.54
2023-03-11 02:55:02,1 466.73
2023-03-11 03:00:03,1 466.82
2023-03-11 03:05:02,1 479.28
2023-03-11 03:10:02,1 468.56
2023-03-11 03:15:02,1 457.38
2023-03-11 03:20:03,1 460.37
2023-03-11 03:25:02,1 459.73
2023-03-11 03:30:02,1 459.42
2023-03-11 03:35:02,1 457.60
2023-03-11 03:40:03,1 459.36
2023-03-11 03:45:02,1 457.45
2023-03-11 03:50:02,1 456.65
2023-03-11 03:55:02,1 458.69
2023-03-11 04:00:03,1 459.31
2023-03-11 04:05:03,1 458.26
2023-03-11 04:10:02,1 456.76
2023-03-11 04:15:03,1 456.02
2023-03-11 04:20:03,1 454.34
2023-03-11 04:25:02,1 455.30
2023-03-11 04:30:03,1 455.54
2023-03-11 04:35:02,1 459.96
2023-03-11 04:40:02,1 458.71
2023-03-11 04:45:02,1 458.15
2023-03-11 04:50:03,1 458.81
2023-03-11 04:55:02,1 461.40
2023-03-11 05:00:03,1 461.17
2023-03-11 05:05:03,1 460.67
2023-03-11 05:10:03,1 461.47
2023-03-11 05:15:02,1 464.49
2023-03-11 05:20:02,1 464.58
2023-03-11 05:25:02,1 465.10
2023-03-11 05:30:03,1 465.96
2023-03-11 05:35:02,1 464.12
2023-03-11 05:40:02,1 464.66
2023-03-11 05:45:02,1 466.50
2023-03-11 05:50:03,1 466.46
2023-03-11 05:55:03,1 464.52
2023-03-11 06:00:02,1 463.42
2023-03-11 06:05:02,1 463.23
2023-03-11 06:10:03,1 462.24
2023-03-11 06:15:03,1 461.27
2023-03-11 06:20:03,1 463.01
2023-03-11 06:25:03,1 459.38
2023-03-11 06:30:02,1 459.01
2023-03-11 06:35:02,1 459.47
2023-03-11 06:40:03,1 457.28
2023-03-11 06:45:02,1 454.07
2023-03-11 06:50:02,1 452.81
2023-03-11 06:55:02,1 458.79
2023-03-11 07:00:03,1 458.00
2023-03-11 07:05:02,1 461.18
2023-03-11 07:10:03,1 460.45
2023-03-11 07:15:02,1 459.89
2023-03-11 07:20:03,1 456.47
2023-03-11 07:25:02,1 458.36
2023-03-11 07:30:02,1 455.50
2023-03-11 07:35:03,1 460.10
2023-03-11 07:40:02,1 454.59
2023-03-11 07:45:02,1 451.29
2023-03-11 07:50:02,1 434.98
2023-03-11 07:55:02,1 438.10
2023-03-11 08:00:04,1 428.00
2023-03-11 08:05:02,1 426.62
2023-03-11 08:10:03,1 420.63
2023-03-11 08:15:03,1 424.39
2023-03-11 08:20:02,1 422.57
2023-03-11 08:25:03,1 430.79
2023-03-11 08:30:02,1 432.07
2023-03-11 08:35:02,1 425.93
2023-03-11 08:40:02,1 426.85
2023-03-11 08:45:02,1 427.42
2023-03-11 08:50:02,1 439.68
2023-03-11 08:55:01,1 432.98
2023-03-11 09:00:03,1 438.86
2023-03-11 09:05:02,1 437.44
2023-03-11 09:10:02,1 436.58
2023-03-11 09:15:02,1 438.18
2023-03-11 09:20:02,1 437.43
2023-03-11 09:25:02,1 436.71
2023-03-11 09:30:02,1 437.89
2023-03-11 09:35:03,1 438.39
2023-03-11 09:40:02,1 433.13
2023-03-11 09:45:02,1 434.27
2023-03-11 09:50:02,1 434.59
2023-03-11 09:55:02,1 438.56
2023-03-11 10:00:02,1 437.77
2023-03-11 10:05:02,1 437.31
2023-03-11 10:10:02,1 437.26
2023-03-11 10:15:03,1 437.92
2023-03-11 10:20:02,1 438.52
2023-03-11 10:25:03,1 439.06
2023-03-11 10:30:03,1 438.16
2023-03-11 10:35:01,1 437.43
2023-03-11 10:40:03,1 432.34
2023-03-11 10:45:03,1 436.22
2023-03-11 10:50:02,1 433.07
2023-03-11 10:55:02,1 428.96
2023-03-11 11:00:03,1 429.85
2023-03-11 11:05:02,1 429.11
2023-03-11 11:10:02,1 430.83
2023-03-11 11:15:02,1 432.10
2023-03-11 11:20:02,1 430.69
2023-03-11 11:25:02,1 431.32
2023-03-11 11:30:03,1 431.58
2023-03-11 11:35:02,1 428.43
2023-03-11 11:40:03,1 419.18
2023-03-11 11:45:01,1 426.13
2023-03-11 11:50:02,1 424.81
2023-03-11 11:55:02,1 424.67
2023-03-11 12:00:02,1 425.22
2023-03-11 12:05:04,1 427.06
2023-03-11 12:10:04,1 429.97
2023-03-11 12:15:02,1 430.12
2023-03-11 12:20:02,1 429.73
2023-03-11 12:25:02,1 431.55
2023-03-11 12:30:02,1 433.92
2023-03-11 12:35:02,1 432.25
2023-03-11 12:40:02,1 432.38
2023-03-11 12:45:02,1 432.68
2023-03-11 12:50:03,1 431.75
2023-03-11 12:55:02,1 428.97
2023-03-11 13:00:02,1 427.81
2023-03-11 13:05:03,1 427.73
2023-03-11 13:10:02,1 430.13
2023-03-11 13:15:02,1 430.25
2023-03-11 13:20:02,1 430.40
2023-03-11 13:25:02,1 435.64
2023-03-11 13:30:02,1 434.73
2023-03-11 13:35:02,1 433.83
2023-03-11 13:40:03,1 434.47
2023-03-11 13:45:02,1 435.86
2023-03-11 13:50:03,1 434.68
2023-03-11 13:55:03,1 435.52
2023-03-11 14:00:02,1 430.97
2023-03-11 14:05:02,1 433.25
2023-03-11 14:10:03,1 432.96
2023-03-11 14:15:02,1 430.94
2023-03-11 14:20:02,1 431.74
2023-03-11 14:25:02,1 433.13
2023-03-11 14:30:02,1 433.95
2023-03-11 14:35:03,1 435.51
2023-03-11 14:40:03,1 435.16
2023-03-11 14:45:02,1 435.06
2023-03-11 14:50:02,1 435.88
2023-03-11 14:55:02,1 435.32
2023-03-11 15:00:03,1 435.40
2023-03-11 15:05:02,1 436.90
2023-03-11 15:10:02,1 435.70
2023-03-11 15:15:02,1 432.40
2023-03-11 15:20:03,1 433.47
2023-03-11 15:25:02,1 434.28
2023-03-11 15:30:03,1 433.11
2023-03-11 15:35:02,1 433.52
2023-03-11 15:40:02,1 434.84
2023-03-11 15:45:02,1 434.49
2023-03-11 15:50:03,1 433.95
2023-03-11 15:55:02,1 432.92
2023-03-11 16:00:03,1 432.42
2023-03-11 16:05:02,1 432.02
2023-03-11 16:10:02,1 430.51
2023-03-11 16:15:02,1 431.65
2023-03-11 16:20:02,1 431.64
2023-03-11 16:25:02,1 431.21
2023-03-11 16:30:02,1 428.84
2023-03-11 16:35:02,1 429.21
2023-03-11 16:40:02,1 431.87
2023-03-11 16:45:02,1 430.48
2023-03-11 16:50:03,1 435.96
2023-03-11 16:55:02,1 435.43
2023-03-11 17:00:02,1 435.80
2023-03-11 17:05:02,1 435.25
2023-03-11 17:10:03,1 437.87
2023-03-11 17:15:03,1 438.06
2023-03-11 17:20:03,1 439.12
2023-03-11 17:25:02,1 441.00
2023-03-11 17:30:03,1 442.38
2023-03-11 17:35:03,1 442.35
2023-03-11 17:40:03,1 443.30
2023-03-11 17:45:02,1 445.33
2023-03-11 17:50:02,1 448.44
2023-03-11 17:55:02,1 447.60
2023-03-11 18:00:03,1 446.97
2023-03-11 18:05:02,1 456.97
2023-03-11 18:10:02,1 451.64
2023-03-11 18:15:02,1 452.52
2023-03-11 18:20:02,1 453.57
2023-03-11 18:25:02,1 454.85
2023-03-11 18:30:02,1 456.10
2023-03-11 18:35:02,1 457.80
2023-03-11 18:40:03,1 457.53
2023-03-11 18:45:02,1 457.17
2023-03-11 18:50:02,1 456.82
2023-03-11 18:55:03,1 453.40
2023-03-11 19:00:02,1 462.75
2023-03-11 19:05:03,1 461.11
2023-03-11 19:10:02,1 461.83
2023-03-11 19:15:02,1 448.78
2023-03-11 19:20:03,1 449.22
2023-03-11 19:25:02,1 449.59
2023-03-11 19:30:03,1 451.22
2023-03-11 19:35:02,1 449.83
2023-03-11 19:40:02,1 449.22
2023-03-11 19:45:02,1 450.44
2023-03-11 19:50:02,1 450.76
2023-03-11 19:55:02,1 451.68
2023-03-11 20:00:03,1 451.67
2023-03-11 20:05:02,1 455.82
2023-03-11 20:10:03,1 455.49
2023-03-11 20:15:02,1 455.11
2023-03-11 20:20:02,1 455.65
2023-03-11 20:25:02,1 457.17
2023-03-11 20:30:02,1 457.76
2023-03-11 20:35:02,1 464.66
2023-03-11 20:40:02,1 470.45
2023-03-11 20:45:02,1 467.96
2023-03-11 20:50:02,1 466.74
2023-03-11 20:55:02,1 467.84
2023-03-11 21:00:03,1 469.63
2023-03-11 21:05:02,1 468.27
2023-03-11 21:10:03,1 468.96
2023-03-11 21:15:02,1 466.68
2023-03-11 21:20:03,1 464.22
2023-03-11 21:25:03,1 463.43
2023-03-11 21:30:03,1 463.77
2023-03-11 21:35:02,1 461.87
2023-03-11 21:40:03,1 463.25
2023-03-11 21:45:02,1 463.94
2023-03-11 21:50:02,1 464.64
2023-03-11 21:55:02,1 464.08
2023-03-11 22:00:03,1 468.83
2023-03-11 22:05:02,1 466.87
2023-03-11 22:10:02,1 466.05
2023-03-11 22:15:02,1 466.97
2023-03-11 22:20:02,1 464.71
2023-03-11 22:25:02,1 465.91
2023-03-11 22:30:03,1 469.81
2023-03-11 22:35:01,1 467.64
2023-03-11 22:40:02,1 467.76
2023-03-11 22:45:02,1 467.91
2023-03-11 22:50:02,1 461.96
2023-03-11 22:55:03,1 463.64
2023-03-11 23:00:02,1 463.40
2023-03-11 23:05:02,1 463.73
2023-03-11 23:10:03,1 463.65
2023-03-11 23:15:03,1 463.62
2023-03-11 23:20:03,1 463.56
2023-03-11 23:25:02,1 463.05
2023-03-11 23:30:02,1 462.19
2023-03-11 23:35:03,1 463.65
2023-03-11 23:40:02,1 467.35
2023-03-11 23:45:02,1 468.10
2023-03-11 23:50:03,1 467.40
2023-03-11 23:55:03,1 472.75
2023-03-12 00:00:03,1 471.12
2023-03-12 00:05:02,1 472.45
2023-03-12 00:10:03,1 476.13
2023-03-12 00:15:02,1 471.58
2023-03-12 00:20:02,1 475.36
2023-03-12 00:25:02,1 474.21
2023-03-12 00:30:03,1 472.20
2023-03-12 00:35:03,1 467.74
2023-03-12 00:40:02,1 467.14
2023-03-12 00:45:02,1 464.70
2023-03-12 00:50:02,1 464.67
2023-03-12 00:55:02,1 465.46
2023-03-12 01:00:03,1 469.29
2023-03-12 01:05:03,1 469.35
2023-03-12 01:10:02,1 469.22
2023-03-12 01:15:02,1 469.49
2023-03-12 01:20:02,1 469.65
2023-03-12 01:25:02,1 470.75
2023-03-12 01:30:03,1 469.76
2023-03-12 01:35:02,1 468.25
2023-03-12 01:40:03,1 466.16
2023-03-12 01:45:02,1 466.49
2023-03-12 01:50:03,1 464.85
2023-03-12 01:55:02,1 465.19
2023-03-12 02:00:02,1 465.23
2023-03-12 02:05:02,1 465.17
2023-03-12 02:10:03,1 463.65
2023-03-12 02:15:03,1 460.50
2023-03-12 02:20:02,1 459.56
2023-03-12 02:25:02,1 460.47
2023-03-12 02:30:03,1 460.17
2023-03-12 02:35:03,1 460.02
2023-03-12 02:40:02,1 459.19
2023-03-12 02:45:02,1 459.20
2023-03-12 02:50:02,1 463.57
2023-03-12 02:55:02,1 463.07
2023-03-12 03:00:03,1 465.04
2023-03-12 03:05:02,1 469.70
2023-03-12 03:10:02,1 468.96
2023-03-12 03:15:03,1 473.50
2023-03-12 03:20:02,1 472.48
2023-03-12 03:25:02,1 470.60
2023-03-12 03:30:02,1 468.93
2023-03-12 03:35:02,1 469.25
2023-03-12 03:40:02,1 468.62
2023-03-12 03:45:02,1 469.16
2023-03-12 03:50:02,1 469.75
2023-03-12 03:55:02,1 470.52
2023-03-12 04:00:02,1 469.37
2023-03-12 04:05:02,1 470.09
2023-03-12 04:10:03,1 467.94
2023-03-12 04:15:02,1 469.86
2023-03-12 04:20:03,1 469.21
2023-03-12 04:25:02,1 468.44
2023-03-12 04:30:02,1 467.11
2023-03-12 04:35:02,1 466.94
2023-03-12 04:40:02,1 468.97
2023-03-12 04:45:02,1 468.50
2023-03-12 04:50:03,1 468.83
2023-03-12 04:55:02,1 467.53
2023-03-12 05:00:03,1 467.51
2023-03-12 05:05:03,1 469.79
2023-03-12 05:10:03,1 472.15
2023-03-12 05:15:02,1 472.51
2023-03-12 05:20:03,1 472.72
2023-03-12 05:25:02,1 472.64
2023-03-12 05:30:02,1 469.89
2023-03-12 05:35:02,1 471.61
2023-03-12 05:40:02,1 471.13
2023-03-12 05:45:03,1 468.94
2023-03-12 05:50:02,1 469.81
2023-03-12 05:55:02,1 466.77
2023-03-12 06:00:03,1 466.72
2023-03-12 06:05:02,1 467.27
2023-03-12 06:10:02,1 467.39
2023-03-12 06:15:02,1 467.72
2023-03-12 06:20:02,1 466.82
2023-03-12 06:25:03,1 466.08
2023-03-12 06:30:03,1 465.70
2023-03-12 06:35:02,1 466.42
2023-03-12 06:40:03,1 464.90
2023-03-12 06:45:02,1 464.70
2023-03-12 06:50:02,1 464.64
2023-03-12 06:55:02,1 464.92
2023-03-12 07:00:03,1 462.42
2023-03-12 07:05:03,1 462.56
2023-03-12 07:10:02,1 462.50
2023-03-12 07:15:02,1 461.94
2023-03-12 07:20:03,1 461.92
2023-03-12 07:25:02,1 462.98
2023-03-12 07:30:02,1 463.18
2023-03-12 07:35:02,1 462.72
2023-03-12 07:40:03,1 462.05
2023-03-12 07:45:02,1 461.38
2023-03-12 07:50:02,1 459.74
2023-03-12 07:55:02,1 462.35
2023-03-12 08:00:02,1 460.92
2023-03-12 08:05:02,1 462.24
2023-03-12 08:10:02,1 463.19
2023-03-12 08:15:02,1 470.70
2023-03-12 08:20:02,1 471.11
2023-03-12 08:25:02,1 470.59
2023-03-12 08:30:02,1 464.55
2023-03-12 08:35:02,1 464.01
2023-03-12 08:40:02,1 465.13
2023-03-12 08:45:02,1 465.66
2023-03-12 08:50:03,1 465.11
2023-03-12 08:55:02,1 463.45
2023-03-12 09:00:02,1 465.71
2023-03-12 09:05:02,1 467.53
2023-03-12 09:10:02,1 466.49
2023-03-12 09:15:03,1 465.98
2023-03-12 09:20:03,1 465.17
2023-03-12 09:25:02,1 466.23
2023-03-12 09:30:03,1 465.80
2023-03-12 09:35:02,1 466.30
2023-03-12 09:40:03,1 466.02
2023-03-12 09:45:02,1 465.67
2023-03-12 09:50:02,1 464.61
2023-03-12 09:55:02,1 463.86
2023-03-12 10:00:03,1 463.07
2023-03-12 10:05:02,1 462.01
2023-03-12 10:10:02,1 461.97
2023-03-12 10:15:02,1 463.36
2023-03-12 10:20:02,1 461.93
2023-03-12 10:25:02,1 463.22
2023-03-12 10:30:03,1 466.07
2023-03-12 10:35:01,1 464.97
2023-03-12 10:40:03,1 465.20
2023-03-12 10:45:02,1 464.29
2023-03-12 10:50:02,1 465.06
2023-03-12 10:55:02,1 464.03
2023-03-12 11:00:03,1 465.03
2023-03-12 11:05:02,1 465.68
2023-03-12 11:10:02,1 466.23
2023-03-12 11:15:02,1 466.58
2023-03-12 11:20:03,1 466.40
2023-03-12 11:25:03,1 470.22
2023-03-12 11:30:02,1 469.58
2023-03-12 11:35:02,1 468.72
2023-03-12 11:40:03,1 468.64
2023-03-12 11:45:02,1 468.29
2023-03-12 11:50:03,1 467.00
2023-03-12 11:55:02,1 465.59
2023-03-12 12:00:03,1 467.25
2023-03-12 12:05:02,1 466.57
2023-03-12 12:10:03,1 465.16
2023-03-12 12:15:02,1 464.41
2023-03-12 12:20:03,1 459.52
2023-03-12 12:25:02,1 458.10
2023-03-12 12:30:02,1 458.84
2023-03-12 12:35:02,1 458.98
2023-03-12 12:40:02,1 457.90
2023-03-12 12:45:03,1 459.32
2023-03-12 12:50:02,1 459.24
2023-03-12 12:55:02,1 458.23
2023-03-12 13:00:02,1 460.10
2023-03-12 13:05:02,1 459.55
2023-03-12 13:10:03,1 460.23
2023-03-12 13:15:03,1 462.80
2023-03-12 13:20:03,1 464.21
2023-03-12 13:25:02,1 465.12
2023-03-12 13:30:02,1 464.54
2023-03-12 13:35:02,1 463.79
2023-03-12 13:40:03,1 465.07
2023-03-12 13:45:03,1 466.31
2023-03-12 13:50:02,1 466.70
2023-03-12 13:55:02,1 465.04
2023-03-12 14:00:02,1 463.71
2023-03-12 14:05:02,1 463.06
2023-03-12 14:10:02,1 457.97
2023-03-12 14:15:02,1 459.28
2023-03-12 14:20:03,1 458.27
2023-03-12 14:25:02,1 458.27
2023-03-12 14:30:02,1 459.37
2023-03-12 14:35:02,1 460.33
2023-03-12 14:40:02,1 460.52
2023-03-12 14:45:02,1 460.61
2023-03-12 14:50:03,1 461.52
2023-03-12 14:55:02,1 463.24
2023-03-12 15:00:03,1 458.78
2023-03-12 15:05:02,1 456.16
2023-03-12 15:10:02,1 459.13
2023-03-12 15:15:02,1 458.84
2023-03-12 15:20:02,1 458.79
2023-03-12 15:25:03,1 459.19
2023-03-12 15:30:02,1 458.63
2023-03-12 15:35:03,1 457.72
2023-03-12 15:40:02,1 458.54
2023-03-12 15:45:02,1 457.03
2023-03-12 15:50:03,1 458.95
2023-03-12 15:55:03,1 457.96
2023-03-12 16:00:02,1 459.17
2023-03-12 16:05:03,1 458.86
2023-03-12 16:10:02,1 459.01
2023-03-12 16:15:02,1 461.19
2023-03-12 16:20:03,1 460.55
2023-03-12 16:25:02,1 462.30
2023-03-12 16:30:03,1 462.89
2023-03-12 16:35:02,1 462.73
2023-03-12 16:40:03,1 475.09
2023-03-12 16:45:02,1 473.66
2023-03-12 16:50:02,1 473.47
2023-03-12 16:55:03,1 476.98
2023-03-12 17:00:03,1 478.94
2023-03-12 17:05:02,1 477.99
2023-03-12 17:10:02,1 475.15
2023-03-12 17:15:02,1 476.86
2023-03-12 17:20:02,1 477.60
2023-03-12 17:25:03,1 478.61
2023-03-12 17:30:02,1 513.99
2023-03-12 17:35:02,1 514.62
2023-03-12 17:40:02,1 515.13
2023-03-12 17:45:02,1 517.87
2023-03-12 17:50:02,1 529.57
2023-03-12 17:55:02,1 524.77
2023-03-12 18:00:03,1 527.08
2023-03-12 18:05:02,1 531.87
2023-03-12 18:10:03,1 528.08
2023-03-12 18:15:03,1 529.89
2023-03-12 18:20:02,1 530.86
2023-03-12 18:25:02,1 536.59
2023-03-12 18:30:02,1 541.31
2023-03-12 18:35:02,1 539.16
2023-03-12 18:40:04,1 559.93
2023-03-12 18:45:03,1 556.99
2023-03-12 18:50:03,1 554.40
2023-03-12 18:55:03,1 554.37
2023-03-12 19:00:02,1 552.09
2023-03-12 19:05:02,1 553.72
2023-03-12 19:10:03,1 558.49
2023-03-12 19:15:02,1 551.52
2023-03-12 19:20:02,1 551.69
2023-03-12 19:25:02,1 543.21
2023-03-12 19:30:02,1 541.41
2023-03-12 19:35:02,1 535.14
2023-03-12 19:40:03,1 536.82
2023-03-12 19:45:01,1 536.87
2023-03-12 19:50:02,1 536.74
2023-03-12 19:55:02,1 536.49
2023-03-12 20:00:03,1 530.34
2023-03-12 20:05:02,1 532.95
2023-03-12 20:10:03,1 534.42
2023-03-12 20:15:02,1 536.24
2023-03-12 20:20:02,1 537.40
2023-03-12 20:25:02,1 538.95
2023-03-12 20:30:03,1 542.04
2023-03-12 20:35:02,1 557.71
2023-03-12 20:40:02,1 556.32
2023-03-12 20:45:02,1 552.56
2023-03-12 20:50:02,1 551.84
2023-03-12 20:55:02,1 549.02
2023-03-12 21:00:02,1 552.27
2023-03-12 21:05:03,1 551.59
2023-03-12 21:10:02,1 550.35
2023-03-12 21:15:02,1 553.65
2023-03-12 21:20:03,1 550.27
2023-03-12 21:25:02,1 551.96
2023-03-12 21:30:02,1 548.89
2023-03-12 21:35:03,1 548.32
2023-03-12 21:40:03,1 553.53
2023-03-12 21:45:02,1 550.95
2023-03-12 21:50:02,1 548.50
2023-03-12 21:55:02,1 550.24
2023-03-12 22:00:03,1 551.35
2023-03-12 22:05:02,1 546.80
2023-03-12 22:10:02,1 545.17
2023-03-12 22:15:03,1 548.36
2023-03-12 22:20:02,1 558.46
2023-03-12 22:25:02,1 586.38
2023-03-12 22:30:02,1 598.29
2023-03-12 22:35:02,1 592.51
2023-03-12 22:40:02,1 587.95
2023-03-12 22:45:02,1 586.11
2023-03-12 22:50:02,1 584.53
2023-03-12 22:55:03,1 578.17
2023-03-12 23:00:02,1 575.37
2023-03-12 23:05:02,1 574.03
2023-03-12 23:10:02,1 574.80
2023-03-12 23:15:02,1 581.56
2023-03-12 23:20:02,1 578.55
2023-03-12 23:25:02,1 586.13
2023-03-12 23:30:02,1 582.49
2023-03-12 23:35:02,1 583.06
2023-03-12 23:40:02,1 578.91
2023-03-12 23:45:02,1 583.49
2023-03-12 23:50:03,1 584.12
2023-03-12 23:55:02,1 585.16
2023-03-13 00:00:02,1 589.52
2023-03-13 00:05:02,1 590.63
2023-03-13 00:10:02,1 582.59
2023-03-13 00:15:02,1 587.07
2023-03-13 00:20:02,1 587.84
2023-03-13 00:25:02,1 605.19
2023-03-13 00:30:03,1 597.01
2023-03-13 00:35:02,1 599.89
2023-03-13 00:40:03,1 601.55
2023-03-13 00:45:02,1 620.75
2023-03-13 00:50:03,1 623.16
2023-03-13 00:55:02,1 621.41
2023-03-13 01:00:03,1 620.71
2023-03-13 01:05:03,1 621.11
2023-03-13 01:10:03,1 620.55
2023-03-13 01:15:02,1 615.96
2023-03-13 01:20:03,1 616.60
2023-03-13 01:25:02,1 617.06
2023-03-13 01:30:03,1 616.01
2023-03-13 01:35:02,1 621.50
2023-03-13 01:40:03,1 617.23
2023-03-13 01:45:02,1 613.02
2023-03-13 01:50:02,1 616.02
2023-03-13 01:55:02,1 612.46
2023-03-13 02:00:02,1 610.25
2023-03-13 02:05:02,1 612.81
2023-03-13 02:10:03,1 613.67
2023-03-13 02:15:03,1 612.34
2023-03-13 02:20:03,1 610.67
2023-03-13 02:25:02,1 611.60
2023-03-13 02:30:03,1 605.26
2023-03-13 02:35:02,1 603.97
2023-03-13 02:40:02,1 603.76
2023-03-13 02:45:02,1 602.30
2023-03-13 02:50:03,1 595.03
2023-03-13 02:55:02,1 599.47
2023-03-13 03:00:03,1 599.55
2023-03-13 03:05:02,1 599.36
2023-03-13 03:10:03,1 599.23
2023-03-13 03:15:03,1 596.17
2023-03-13 03:20:02,1 596.32
2023-03-13 03:25:02,1 594.45
2023-03-13 03:30:02,1 597.24
2023-03-13 03:35:02,1 597.19
2023-03-13 03:40:02,1 600.83
2023-03-13 03:45:02,1 598.50
2023-03-13 03:50:02,1 595.61
2023-03-13 03:55:02,1 596.05
2023-03-13 04:00:03,1 594.56
2023-03-13 04:05:03,1 598.23
2023-03-13 04:10:03,1 596.57
2023-03-13 04:15:02,1 595.54
2023-03-13 04:20:03,1 600.83
2023-03-13 04:25:02,1 601.38
2023-03-13 04:30:02,1 602.75
2023-03-13 04:35:03,1 600.43
2023-03-13 04:40:03,1 601.27
2023-03-13 04:45:02,1 602.02
2023-03-13 04:50:03,1 602.40
2023-03-13 04:55:03,1 602.71
2023-03-13 05:00:02,1 599.25
2023-03-13 05:05:02,1 601.20
2023-03-13 05:10:03,1 602.63
2023-03-13 05:15:02,1 601.99
2023-03-13 05:20:02,1 602.41
2023-03-13 05:25:02,1 603.29
2023-03-13 05:30:02,1 601.64
2023-03-13 05:35:02,1 600.02
2023-03-13 05:40:02,1 601.82
2023-03-13 05:45:02,1 601.95
2023-03-13 05:50:02,1 601.59
2023-03-13 05:55:02,1 601.85
2023-03-13 06:00:03,1 602.56
2023-03-13 06:05:03,1 602.82
2023-03-13 06:10:02,1 602.95
2023-03-13 06:15:02,1 600.40
2023-03-13 06:20:02,1 600.64
2023-03-13 06:25:02,1 602.20
2023-03-13 06:30:03,1 598.88
2023-03-13 06:35:02,1 601.03
2023-03-13 06:40:03,1 600.79
2023-03-13 06:45:02,1 601.97
2023-03-13 06:50:03,1 606.07
2023-03-13 06:55:02,1 605.92
2023-03-13 07:00:03,1 605.30
2023-03-13 07:05:02,1 606.32
2023-03-13 07:10:03,1 604.75
2023-03-13 07:15:02,1 604.74
2023-03-13 07:20:02,1 607.27
2023-03-13 07:25:02,1 608.05
2023-03-13 07:30:02,1 613.24
2023-03-13 07:35:02,1 610.77
2023-03-13 07:40:02,1 613.15
2023-03-13 07:45:02,1 612.57
2023-03-13 07:50:02,1 614.15
2023-03-13 07:55:02,1 612.38
2023-03-13 08:00:03,1 610.45
2023-03-13 08:05:02,1 608.51
2023-03-13 08:10:03,1 606.86
2023-03-13 08:15:03,1 604.70
2023-03-13 08:20:02,1 605.15
2023-03-13 08:25:02,1 602.74
2023-03-13 08:30:02,1 603.55
2023-03-13 08:35:02,1 602.20
2023-03-13 08:40:03,1 599.09
2023-03-13 08:45:02,1 597.25
2023-03-13 08:50:02,1 595.36
2023-03-13 08:55:02,1 592.46
2023-03-13 09:00:03,1 594.18
2023-03-13 09:05:03,1 592.15
2023-03-13 09:10:03,1 594.90
2023-03-13 09:15:02,1 596.18
2023-03-13 09:20:03,1 597.42
2023-03-13 09:25:02,1 593.22
2023-03-13 09:30:03,1 591.56
2023-03-13 09:35:03,1 588.32
2023-03-13 09:40:02,1 581.11
2023-03-13 09:45:02,1 583.82
2023-03-13 09:50:03,1 584.62
2023-03-13 09:55:02,1 582.73
2023-03-13 10:00:03,1 570.30
2023-03-13 10:05:01,1 578.64
2023-03-13 10:10:02,1 581.36
2023-03-13 10:15:03,1 580.19
2023-03-13 10:20:03,1 575.70
2023-03-13 10:25:02,1 579.29
2023-03-13 10:30:02,1 585.86
2023-03-13 10:35:03,1 585.05
2023-03-13 10:40:03,1 589.56
2023-03-13 10:45:03,1 588.81
2023-03-13 10:50:03,1 583.47
2023-03-13 10:55:03,1 585.88
2023-03-13 11:00:02,1 591.33
2023-03-13 11:05:02,1 589.08
2023-03-13 11:10:03,1 593.71
2023-03-13 11:15:03,1 586.88
2023-03-13 11:20:02,1 585.28
2023-03-13 11:25:02,1 586.30
2023-03-13 11:30:03,1 583.91
2023-03-13 11:35:02,1 583.33
2023-03-13 11:40:03,1 583.19
2023-03-13 11:45:02,1 582.79
2023-03-13 11:50:03,1 582.74
2023-03-13 11:55:02,1 584.33
2023-03-13 12:00:03,1 586.87
2023-03-13 12:05:02,1 584.05
2023-03-13 12:10:02,1 583.53
2023-03-13 12:15:03,1 580.00
2023-03-13 12:20:02,1 584.96
2023-03-13 12:25:02,1 582.70
2023-03-13 12:30:03,1 585.11
2023-03-13 12:35:02,1 585.94
2023-03-13 12:40:03,1 582.18
2023-03-13 12:45:02,1 581.10
2023-03-13 12:50:03,1 578.46
2023-03-13 12:55:03,1 580.86
2023-03-13 13:00:03,1 585.57
2023-03-13 13:05:02,1 591.78
2023-03-13 13:10:03,1 594.55
2023-03-13 13:15:02,1 595.81
2023-03-13 13:20:03,1 606.35
2023-03-13 13:25:03,1 605.35
2023-03-13 13:30:02,1 601.32
2023-03-13 13:35:02,1 593.46
2023-03-13 13:40:02,1 589.53
2023-03-13 13:45:02,1 589.95
2023-03-13 13:50:03,1 599.41
2023-03-13 13:55:02,1 610.51
2023-03-13 14:00:03,1 605.07
2023-03-13 14:05:02,1 603.22
2023-03-13 14:10:02,1 612.76
2023-03-13 14:15:02,1 633.56
2023-03-13 14:20:03,1 631.81
2023-03-13 14:25:02,1 657.04
2023-03-13 14:30:02,1 652.54
2023-03-13 14:35:02,1 650.14
2023-03-13 14:40:03,1 651.22
2023-03-13 14:45:02,1 647.44
2023-03-13 14:50:02,1 660.13
2023-03-13 14:55:02,1 648.32
2023-03-13 15:00:02,1 659.98
2023-03-13 15:05:03,1 667.95
2023-03-13 15:10:02,1 686.24
2023-03-13 15:15:03,1 692.15
2023-03-13 15:20:02,1 689.23
2023-03-13 15:25:03,1 701.91
2023-03-13 15:30:02,1 694.15
2023-03-13 15:35:02,1 701.32
2023-03-13 15:40:02,1 685.54
2023-03-13 15:45:02,1 687.47
2023-03-13 15:50:02,1 677.55
2023-03-13 15:55:02,1 676.22
2023-03-13 16:00:02,1 676.74
2023-03-13 16:05:02,1 679.78
2023-03-13 16:10:02,1 680.16
2023-03-13 16:15:02,1 683.37
2023-03-13 16:20:03,1 685.60
2023-03-13 16:25:02,1 690.12
2023-03-13 16:30:02,1 676.52
2023-03-13 16:35:02,1 670.20
2023-03-13 16:40:03,1 664.97
2023-03-13 16:45:02,1 672.36
2023-03-13 16:50:03,1 670.30
2023-03-13 16:55:01,1 672.07
2023-03-13 17:00:03,1 671.60
2023-03-13 17:05:02,1 670.63
2023-03-13 17:10:02,1 664.53
2023-03-13 17:15:02,1 666.38
2023-03-13 17:20:03,1 668.41
2023-03-13 17:25:02,1 669.16
2023-03-13 17:30:02,1 670.61
2023-03-13 17:35:02,1 673.86
2023-03-13 17:40:02,1 678.76
2023-03-13 17:45:02,1 679.40
2023-03-13 17:50:04,1 676.83
2023-03-13 17:55:02,1 678.12
2023-03-13 18:00:03,1 680.93
2023-03-13 18:05:02,1 682.17
2023-03-13 18:10:02,1 671.82
2023-03-13 18:15:02,1 681.26
2023-03-13 18:20:03,1 680.07
2023-03-13 18:25:02,1 680.20
2023-03-13 18:30:02,1 684.87
2023-03-13 18:35:02,1 680.49
2023-03-13 18:40:02,1 680.33
2023-03-13 18:45:02,1 681.76
2023-03-13 18:50:03,1 680.93
2023-03-13 18:55:02,1 683.02
2023-03-13 19:00:02,1 685.53
2023-03-13 19:05:03,1 691.89
2023-03-13 19:10:03,1 692.20
2023-03-13 19:15:02,1 684.88
2023-03-13 19:20:02,1 687.16
2023-03-13 19:25:03,1 683.91
2023-03-13 19:30:02,1 681.48
2023-03-13 19:35:02,1 685.16
2023-03-13 19:40:02,1 682.43
2023-03-13 19:45:02,1 692.15
2023-03-13 19:50:03,1 685.59
2023-03-13 19:55:02,1 686.67
2023-03-13 20:00:03,1 687.97
2023-03-13 20:05:02,1 689.19
2023-03-13 20:10:02,1 686.46
2023-03-13 20:15:03,1 681.36
2023-03-13 20:20:03,1 679.87
2023-03-13 20:25:02,1 678.52
2023-03-13 20:30:03,1 673.64
2023-03-13 20:35:02,1 671.39
2023-03-13 20:40:03,1 673.19
2023-03-13 20:45:02,1 675.07
2023-03-13 20:50:02,1 674.50
2023-03-13 20:55:03,1 669.30
2023-03-13 21:00:02,1 673.20
2023-03-13 21:05:03,1 673.86
2023-03-13 21:10:02,1 674.59
2023-03-13 21:15:03,1 679.00
2023-03-13 21:20:02,1 676.78
2023-03-13 21:25:02,1 677.15
2023-03-13 21:30:03,1 673.63
2023-03-13 21:35:03,1 672.94
2023-03-13 21:40:03,1 674.85
2023-03-13 21:45:02,1 675.56
2023-03-13 21:50:03,1 677.06
2023-03-13 21:55:01,1 676.20
2023-03-13 22:00:03,1 674.05
2023-03-13 22:05:03,1 677.26
